Timestamp,User Count,Type,Name,Requests/s,Failures/s,50%,66%,75%,80%,90%,95%,98%,99%,99.9%,99.99%,100%,Total Request Count,Total Failure Count,Total Median Response Time,Total Average Response Time,Total Min Response Time,Total Max Response Time,Total Average Content Size
1782879839,0,,Aggregated,0.000000,0.000000,N/A,N/A,N/A,N/A,N/A,N/A,N/A,N/A,N/A,N/A,N/A,0,0,0,0.0,0,0,0
1782879840,10,POST,/grpc-202200141,0.000000,0.000000,0,0,0,0,0,0,0,0,0,0,0,10,0,530,543.2519900146872,253.94810014404356,782.7769999857992,91.0
1782879840,10,,Aggregated,0.000000,0.000000,0,0,0,0,0,0,0,0,0,0,0,10,0,530,543.2519900146872,253.94810014404356,782.7769999857992,91.0
1782879841,30,POST,/grpc-202200141,0.000000,0.000000,630,650,710,750,780,900,900,900,900,900,900,16,0,620,557.5028125022072,235.36040005274117,903.5702000837773,91.0
1782879841,30,,Aggregated,0.000000,0.000000,630,650,710,750,780,900,900,900,900,900,900,16,0,620,557.5028125022072,235.36040005274117,903.5702000837773,91.0
1782879842,40,POST,/grpc-202200141,1.000000,0.000000,650,710,760,780,1100,1100,1200,1200,1200,1200,1200,33,0,640,642.3498212190515,235.36040005274117,1233.5959998890758,91.0
1782879842,40,,Aggregated,1.000000,0.000000,650,710,760,780,1100,1100,1200,1200,1200,1200,1200,33,0,640,642.3498212190515,235.36040005274117,1233.5959998890758,91.0
1782879843,50,POST,/grpc-202200141,5.500000,0.000000,620,690,750,760,1100,1100,1200,1200,1200,1200,1200,41,0,600,618.5835073247733,235.36040005274117,1233.5959998890758,91.0
1782879843,50,,Aggregated,5.500000,0.000000,620,690,750,760,1100,1100,1200,1200,1200,1200,1200,41,0,600,618.5835073247733,235.36040005274117,1233.5959998890758,91.0
1782879844,60,POST,/grpc-202200141,7.333333,0.000000,690,810,970,1000,1200,1200,1300,1300,1300,1300,1300,54,0,650,730.5277463143553,235.36040005274117,1335.4440000839531,91.0
1782879844,60,,Aggregated,7.333333,0.000000,690,810,970,1000,1200,1200,1300,1300,1300,1300,1300,54,0,650,730.5277463143553,235.36040005274117,1335.4440000839531,91.0
1782879845,70,POST,/grpc-202200141,8.750000,0.000000,690,900,1000,1100,1200,1300,1300,1700,1700,1700,1700,55,0,690,748.7534963822162,235.36040005274117,1732.9440000467002,91.0
1782879845,70,,Aggregated,8.750000,0.000000,690,900,1000,1100,1200,1300,1300,1700,1700,1700,1700,55,0,690,748.7534963822162,235.36040005274117,1732.9440000467002,91.0
1782879846,80,POST,/grpc-202200141,9.000000,0.000000,910,1200,2000,2300,2500,2600,2700,2800,2800,2800,2800,73,0,900,1165.1848986368525,235.36040005274117,2802.283199969679,91.0
1782879846,80,,Aggregated,9.000000,0.000000,910,1200,2000,2300,2500,2600,2700,2800,2800,2800,2800,73,0,900,1165.1848986368525,235.36040005274117,2802.283199969679,91.0
1782879847,90,POST,/grpc-202200141,9.000000,0.000000,1100,2300,2400,2500,2700,2800,2900,3000,3000,3000,3000,90,0,1100,1442.992637782461,235.36040005274117,2964.70779995434,91.0
1782879847,90,,Aggregated,9.000000,0.000000,1100,2300,2400,2500,2700,2800,2900,3000,3000,3000,3000,90,0,1100,1442.992637782461,235.36040005274117,2964.70779995434,91.0
1782879848,100,POST,/grpc-202200141,8.285714,0.000000,1200,2400,2600,2700,3000,3200,3300,3300,3500,3500,3500,102,0,1200,1643.5967921621768,235.36040005274117,3478.213499998674,91.0
1782879848,100,,Aggregated,8.285714,0.000000,1200,2400,2600,2700,3000,3200,3300,3300,3500,3500,3500,102,0,1200,1643.5967921621768,235.36040005274117,3478.213499998674,91.0
1782879849,100,POST,/grpc-202200141,9.750000,0.000000,2300,2600,2800,3000,3300,3700,3800,3900,3900,3900,3900,116,0,2200,1866.0714379311057,235.36040005274117,3907.9702000599355,91.0
1782879849,100,,Aggregated,9.750000,0.000000,2300,2600,2800,3000,3300,3700,3800,3900,3900,3900,3900,116,0,2200,1866.0714379311057,235.36040005274117,3907.9702000599355,91.0
1782879850,100,POST,/grpc-202200141,10.222222,0.000000,2500,2800,3100,3200,3700,3800,3900,4000,4000,4000,4000,125,0,2400,2001.2043759990484,235.36040005274117,3995.7965000066906,91.0
1782879850,100,,Aggregated,10.222222,0.000000,2500,2800,3100,3200,3700,3800,3900,4000,4000,4000,4000,125,0,2400,2001.2043759990484,235.36040005274117,3995.7965000066906,91.0
1782879851,100,POST,/grpc-202200141,10.800000,0.000000,2700,3300,3600,3700,3900,4000,4200,4300,4800,4800,4800,145,0,2500,2262.8034558596796,235.36040005274117,4818.676199996844,91.0
1782879851,100,,Aggregated,10.800000,0.000000,2700,3300,3600,3700,3900,4000,4200,4300,4800,4800,4800,145,0,2500,2262.8034558596796,235.36040005274117,4818.676199996844,91.0
1782879852,100,POST,/grpc-202200141,11.600000,0.000000,3100,3700,3800,3900,4000,4100,4200,4300,4800,4800,4800,161,0,2700,2433.1541857103707,235.36040005274117,4818.676199996844,91.0
1782879852,100,,Aggregated,11.600000,0.000000,3100,3700,3800,3900,4000,4100,4200,4300,4800,4800,4800,161,0,2700,2433.1541857103707,235.36040005274117,4818.676199996844,91.0
1782879853,100,POST,/grpc-202200141,12.000000,0.000000,3600,3900,4000,4100,4200,4400,4400,4500,4800,4800,4800,184,0,3000,2658.6190135820525,235.36040005274117,4818.676199996844,91.0
1782879853,100,,Aggregated,12.000000,0.000000,3600,3900,4000,4100,4200,4400,4400,4500,4800,4800,4800,184,0,3000,2658.6190135820525,235.36040005274117,4818.676199996844,91.0
1782879854,100,POST,/grpc-202200141,12.700000,0.000000,3800,4000,4100,4200,4200,4400,4600,4800,5200,5200,5200,202,0,3200,2803.2319638578424,235.36040005274117,5209.808300016448,91.0
1782879854,100,,Aggregated,12.700000,0.000000,3800,4000,4100,4200,4200,4400,4600,4800,5200,5200,5200,202,0,3200,2803.2319638578424,235.36040005274117,5209.808300016448,91.0
1782879855,100,POST,/grpc-202200141,13.200000,0.000000,3900,4100,4200,4200,4300,4400,4500,4800,5200,5200,5200,211,0,3300,2862.9174530793034,235.36040005274117,5209.808300016448,91.0
1782879855,100,,Aggregated,13.200000,0.000000,3900,4100,4200,4200,4300,4400,4500,4800,5200,5200,5200,211,0,3300,2862.9174530793034,235.36040005274117,5209.808300016448,91.0
1782879856,100,POST,/grpc-202200141,14.200000,0.000000,4000,4100,4200,4200,4400,4400,4600,4800,5200,5200,5200,223,0,3500,2937.077598654636,235.36040005274117,5209.808300016448,91.0
1782879856,100,,Aggregated,14.200000,0.000000,4000,4100,4200,4200,4400,4400,4600,4800,5200,5200,5200,223,0,3500,2937.077598654636,235.36040005274117,5209.808300016448,91.0
1782879857,100,POST,/grpc-202200141,15.100000,0.000000,4100,4200,4200,4200,4400,4400,4600,4800,5200,5200,5200,240,0,3700,3026.4205429159724,235.36040005274117,5209.808300016448,91.0
1782879857,100,,Aggregated,15.100000,0.000000,4100,4200,4200,4200,4400,4400,4600,4800,5200,5200,5200,240,0,3700,3026.4205429159724,235.36040005274117,5209.808300016448,91.0
1782879858,100,POST,/grpc-202200141,15.400000,0.000000,4200,4200,4200,4200,4400,4400,4600,4800,5200,5200,5200,257,0,3800,3105.476177042053,235.36040005274117,5209.808300016448,91.0
1782879858,100,,Aggregated,15.400000,0.000000,4200,4200,4200,4200,4400,4400,4600,4800,5200,5200,5200,257,0,3800,3105.476177042053,235.36040005274117,5209.808300016448,91.0
1782879859,100,POST,/grpc-202200141,14.800000,0.000000,4200,4200,4200,4300,4400,4400,4500,4800,5200,5200,5200,279,0,3900,3193.2321157728697,235.36040005274117,5209.808300016448,91.0
1782879859,100,,Aggregated,14.800000,0.000000,4200,4200,4200,4300,4400,4400,4500,4800,5200,5200,5200,279,0,3900,3193.2321157728697,235.36040005274117,5209.808300016448,91.0
1782879860,100,POST,/grpc-202200141,15.100000,0.000000,4200,4200,4300,4300,4400,4400,4500,4800,5200,5200,5200,299,0,4000,3264.6975311058195,235.36040005274117,5209.808300016448,91.0
1782879860,100,,Aggregated,15.100000,0.000000,4200,4200,4300,4300,4400,4400,4500,4800,5200,5200,5200,299,0,4000,3264.6975311058195,235.36040005274117,5209.808300016448,91.0
1782879861,100,POST,/grpc-202200141,15.500000,0.000000,4200,4200,4300,4400,4400,4400,4500,4600,5200,5200,5200,310,0,4100,3297.8348200044206,235.36040005274117,5209.808300016448,91.0
1782879861,100,,Aggregated,15.500000,0.000000,4200,4200,4300,4400,4400,4400,4500,4600,5200,5200,5200,310,0,4100,3297.8348200044206,235.36040005274117,5209.808300016448,91.0
1782879862,100,POST,/grpc-202200141,16.900000,0.000000,4200,4200,4300,4400,4400,4400,4500,4600,5200,5200,5200,322,0,4100,3329.7826835425767,235.36040005274117,5209.808300016448,91.0
1782879862,100,,Aggregated,16.900000,0.000000,4200,4200,4300,4400,4400,4400,4500,4600,5200,5200,5200,322,0,4100,3329.7826835425767,235.36040005274117,5209.808300016448,91.0
1782879863,100,POST,/grpc-202200141,17.000000,0.000000,4200,4200,4200,4300,4400,4400,4400,4500,4600,4600,4600,339,0,4100,3373.503948675172,235.36040005274117,5209.808300016448,91.0
1782879863,100,,Aggregated,17.000000,0.000000,4200,4200,4200,4300,4400,4400,4400,4500,4600,4600,4600,339,0,4100,3373.503948675172,235.36040005274117,5209.808300016448,91.0
1782879864,100,POST,/grpc-202200141,16.300000,0.000000,4200,4200,4200,4300,4400,4400,4400,4500,4600,4600,4600,357,0,4100,3416.235250143037,235.36040005274117,5209.808300016448,91.0
1782879864,100,,Aggregated,16.300000,0.000000,4200,4200,4200,4300,4400,4400,4400,4500,4600,4600,4600,357,0,4100,3416.235250143037,235.36040005274117,5209.808300016448,91.0
1782879865,100,POST,/grpc-202200141,15.700000,0.000000,4200,4200,4200,4300,4400,4400,4500,4600,4700,4700,4700,375,0,4100,3453.2135312029473,235.36040005274117,5209.808300016448,91.0
1782879865,100,,Aggregated,15.700000,0.000000,4200,4200,4200,4300,4400,4400,4500,4600,4700,4700,4700,375,0,4100,3453.2135312029473,235.36040005274117,5209.808300016448,91.0
1782879866,100,POST,/grpc-202200141,15.900000,0.000000,4200,4200,4200,4300,4400,4400,4500,4600,4700,4700,4700,397,0,4100,3496.513381612696,235.36040005274117,5209.808300016448,91.0
1782879866,100,,Aggregated,15.900000,0.000000,4200,4200,4200,4300,4400,4400,4500,4600,4700,4700,4700,397,0,4100,3496.513381612696,235.36040005274117,5209.808300016448,91.0
1782879867,100,POST,/grpc-202200141,15.500000,0.000000,4200,4200,4200,4300,4400,4400,4500,4600,4700,4700,4700,408,0,4100,3515.6950772062,235.36040005274117,5209.808300016448,91.0
1782879867,100,,Aggregated,15.500000,0.000000,4200,4200,4200,4300,4400,4400,4500,4600,4700,4700,4700,408,0,4100,3515.6950772062,235.36040005274117,5209.808300016448,91.0
1782879868,100,POST,/grpc-202200141,16.700000,0.000000,4200,4200,4200,4300,4400,4400,4500,4600,4700,4700,4700,418,0,4100,3532.7130411484204,235.36040005274117,5209.808300016448,91.0
1782879868,100,,Aggregated,16.700000,0.000000,4200,4200,4200,4300,4400,4400,4500,4600,4700,4700,4700,418,0,4100,3532.7130411484204,235.36040005274117,5209.808300016448,91.0
1782879869,100,POST,/grpc-202200141,17.300000,0.000000,4200,4200,4200,4200,4400,4400,4500,4600,4700,4700,4700,449,0,4100,3489.520595322896,119.37380000017583,5209.808300016448,91.0
1782879869,100,,Aggregated,17.300000,0.000000,4200,4200,4200,4200,4400,4400,4500,4600,4700,4700,4700,449,0,4100,3489.520595322896,119.37380000017583,5209.808300016448,91.0
1782879870,100,POST,/grpc-202200141,16.500000,0.000000,4200,4200,4200,4200,4400,4400,4500,4600,4700,4700,4700,489,0,4100,3351.6404126791745,117.74990009143949,5209.808300016448,91.0
1782879870,100,,Aggregated,16.500000,0.000000,4200,4200,4200,4200,4400,4400,4500,4600,4700,4700,4700,489,0,4100,3351.6404126791745,117.74990009143949,5209.808300016448,91.0
1782879871,100,POST,/grpc-202200141,16.100000,0.000000,4200,4200,4200,4200,4300,4400,4500,4500,4700,4700,4700,531,0,4100,3267.2031258010147,117.74990009143949,5209.808300016448,91.0
1782879871,100,,Aggregated,16.100000,0.000000,4200,4200,4200,4200,4300,4400,4500,4500,4700,4700,4700,531,0,4100,3267.2031258010147,117.74990009143949,5209.808300016448,91.0
1782879872,100,POST,/grpc-202200141,16.800000,0.000000,4200,4200,4200,4200,4300,4400,4400,4500,4700,4700,4700,586,0,4100,3067.3306211606687,117.682000156492,5209.808300016448,91.0
1782879872,100,,Aggregated,16.800000,0.000000,4200,4200,4200,4200,4300,4400,4400,4500,4700,4700,4700,586,0,4100,3067.3306211606687,117.682000156492,5209.808300016448,91.0
1782879873,100,POST,/grpc-202200141,19.300000,0.000000,4100,4200,4200,4200,4300,4400,4500,4500,4700,4700,4700,610,0,4100,2973.209899837594,117.682000156492,5209.808300016448,91.0
1782879873,100,,Aggregated,19.300000,0.000000,4100,4200,4200,4200,4300,4400,4500,4500,4700,4700,4700,610,0,4100,2973.209899837594,117.682000156492,5209.808300016448,91.0
1782879874,100,POST,/grpc-202200141,22.300000,0.000000,4100,4200,4200,4200,4300,4400,4400,4500,4700,4700,4700,624,0,4100,2930.468840386871,117.682000156492,5209.808300016448,91.0
1782879874,100,,Aggregated,22.300000,0.000000,4100,4200,4200,4200,4300,4400,4400,4500,4700,4700,4700,624,0,4100,2930.468840386871,117.682000156492,5209.808300016448,91.0
1782879875,100,POST,/grpc-202200141,26.600000,0.000000,860,4100,4200,4200,4200,4400,4400,4500,4500,4500,4500,700,0,4000,2695.095702571728,117.682000156492,5209.808300016448,91.0
1782879875,100,,Aggregated,26.600000,0.000000,860,4100,4200,4200,4200,4400,4400,4500,4500,4500,4500,700,0,4000,2695.095702571728,117.682000156492,5209.808300016448,91.0
1782879876,100,POST,/grpc-202200141,26.400000,0.000000,650,1000,4200,4200,4200,4300,4400,4400,4500,4500,4500,731,0,3800,2588.8366000006986,117.682000156492,5209.808300016448,91.0
1782879876,100,,Aggregated,26.400000,0.000000,650,1000,4200,4200,4200,4300,4400,4400,4500,4500,4500,731,0,3800,2588.8366000006986,117.682000156492,5209.808300016448,91.0
1782879877,100,POST,/grpc-202200141,27.400000,0.000000,250,880,1100,4200,4200,4300,4400,4400,4500,4500,4500,781,0,3200,2433.2237793871996,117.682000156492,5209.808300016448,91.0
1782879877,100,,Aggregated,27.400000,0.000000,250,880,1100,4200,4200,4300,4400,4400,4500,4500,4500,781,0,3200,2433.2237793871996,117.682000156492,5209.808300016448,91.0
1782879878,100,POST,/grpc-202200141,32.500000,0.000000,180,720,900,1100,4200,4200,4400,4400,4500,4500,4500,833,0,2600,2292.6806843965924,117.682000156492,5209.808300016448,91.0
1782879878,100,,Aggregated,32.500000,0.000000,180,720,900,1100,4200,4200,4400,4400,4500,4500,4500,833,0,2600,2292.6806843965924,117.682000156492,5209.808300016448,91.0
1782879879,100,POST,/grpc-202200141,34.000000,0.000000,170,420,840,910,4200,4200,4300,4400,4500,4500,4500,871,0,2200,2201.661192540167,117.682000156492,5209.808300016448,91.0
1782879879,100,,Aggregated,34.000000,0.000000,170,420,840,910,4200,4200,4300,4400,4500,4500,4500,871,0,2200,2201.661192540167,117.682000156492,5209.808300016448,91.0
1782879880,100,POST,/grpc-202200141,37.700000,0.000000,190,390,720,860,1200,4200,4200,4400,4500,4500,4500,903,0,1100,2137.7867625715317,117.682000156492,5209.808300016448,91.0
1782879880,100,,Aggregated,37.700000,0.000000,190,390,720,860,1200,4200,4200,4400,4500,4500,4500,903,0,1100,2137.7867625715317,117.682000156492,5209.808300016448,91.0
1782879881,100,POST,/grpc-202200141,41.100000,0.000000,190,420,650,810,940,1200,4200,4300,4500,4500,4500,924,0,1100,2105.2250869063664,117.682000156492,5209.808300016448,91.0
1782879881,100,,Aggregated,41.100000,0.000000,190,420,650,810,940,1200,4200,4300,4500,4500,4500,924,0,1100,2105.2250869063664,117.682000156492,5209.808300016448,91.0
1782879882,100,POST,/grpc-202200141,42.000000,0.000000,260,630,840,890,1200,1300,1400,1400,4500,4500,4500,958,0,1200,2077.0804477057914,117.682000156492,5209.808300016448,91.0
1782879882,100,,Aggregated,42.000000,0.000000,260,630,840,890,1200,1300,1400,1400,4500,4500,4500,958,0,1200,2077.0804477057914,117.682000156492,5209.808300016448,91.0
1782879883,100,POST,/grpc-202200141,41.300000,0.000000,390,830,920,1100,1200,1300,1400,1400,1500,1500,1500,994,0,1200,2045.838942859037,117.682000156492,5209.808300016448,91.0
1782879883,100,,Aggregated,41.300000,0.000000,390,830,920,1100,1200,1300,1400,1400,1500,1500,1500,994,0,1200,2045.838942859037,117.682000156492,5209.808300016448,91.0
1782879884,100,POST,/grpc-202200141,39.100000,0.000000,410,840,970,1200,1300,1300,1400,1400,1500,1500,1500,1022,0,1200,2020.3495271061502,117.682000156492,5209.808300016448,91.0
1782879884,100,,Aggregated,39.100000,0.000000,410,840,970,1200,1300,1300,1400,1400,1500,1500,1500,1022,0,1200,2020.3495271061502,117.682000156492,5209.808300016448,91.0
1782879885,100,POST,/grpc-202200141,37.000000,0.000000,360,940,1100,1200,1300,1300,1400,1400,1500,1500,1500,1056,0,1200,1988.500647160849,117.682000156492,5209.808300016448,91.0
1782879885,100,,Aggregated,37.000000,0.000000,360,940,1100,1200,1300,1300,1400,1400,1500,1500,1500,1056,0,1200,1988.500647160849,117.682000156492,5209.808300016448,91.0
1782879886,100,POST,/grpc-202200141,38.600000,0.000000,670,1000,1100,1200,1300,1300,1400,1400,1500,1500,1500,1092,0,1100,1957.7697021074357,117.682000156492,5209.808300016448,91.0
1782879886,100,,Aggregated,38.600000,0.000000,670,1000,1100,1200,1300,1300,1400,1400,1500,1500,1500,1092,0,1100,1957.7697021074357,117.682000156492,5209.808300016448,91.0
1782879887,100,POST,/grpc-202200141,38.900000,0.000000,980,1100,1200,1200,1300,1300,1400,1500,1500,1500,1500,1107,0,1100,1949.0598560089638,117.682000156492,5209.808300016448,91.0
1782879887,100,,Aggregated,38.900000,0.000000,980,1100,1200,1200,1300,1300,1400,1500,1500,1500,1500,1107,0,1100,1949.0598560089638,117.682000156492,5209.808300016448,91.0
1782879888,100,POST,/grpc-202200141,35.400000,0.000000,1100,1200,1300,1300,1500,1800,1800,1800,1800,1800,1800,1137,0,1200,1943.536005367254,117.682000156492,5209.808300016448,91.0
1782879888,100,,Aggregated,35.400000,0.000000,1100,1200,1300,1300,1500,1800,1800,1800,1800,1800,1800,1137,0,1200,1943.536005367254,117.682000156492,5209.808300016448,91.0
1782879889,100,POST,/grpc-202200141,35.400000,0.000000,1200,1300,1300,1500,1800,1800,1800,1900,2100,2100,2100,1162,0,1200,1939.622886404363,117.682000156492,5209.808300016448,91.0
1782879889,100,,Aggregated,35.400000,0.000000,1200,1300,1300,1500,1800,1800,1800,1900,2100,2100,2100,1162,0,1200,1939.622886404363,117.682000156492,5209.808300016448,91.0
1782879890,100,POST,/grpc-202200141,32.200000,0.000000,1300,1400,1700,1700,1800,1800,1900,2100,2100,2100,2100,1198,0,1200,1935.3354797177312,117.682000156492,5209.808300016448,91.0
1782879890,100,,Aggregated,32.200000,0.000000,1300,1400,1700,1700,1800,1800,1900,2100,2100,2100,2100,1198,0,1200,1935.3354797177312,117.682000156492,5209.808300016448,91.0
1782879891,100,POST,/grpc-202200141,30.200000,0.000000,1300,1600,1700,1800,1800,1900,1900,2100,2200,2200,2200,1225,0,1300,1928.293943675235,117.682000156492,5209.808300016448,91.0
1782879891,100,,Aggregated,30.200000,0.000000,1300,1600,1700,1800,1800,1900,1900,2100,2200,2200,2200,1225,0,1300,1928.293943675235,117.682000156492,5209.808300016448,91.0
1782879892,100,POST,/grpc-202200141,29.000000,0.000000,1400,1700,1700,1800,1800,1900,1900,2100,2200,2200,2200,1250,0,1300,1918.0909965619444,117.682000156492,5209.808300016448,91.0
1782879892,100,,Aggregated,29.000000,0.000000,1400,1700,1700,1800,1800,1900,1900,2100,2200,2200,2200,1250,0,1300,1918.0909965619444,117.682000156492,5209.808300016448,91.0
1782879894,100,POST,/grpc-202200141,29.100000,0.000000,1400,1700,1800,1800,1800,1900,1900,2100,2200,2200,2200,1285,0,1300,1903.7767574337859,117.682000156492,5209.808300016448,91.0
1782879894,100,,Aggregated,29.100000,0.000000,1400,1700,1800,1800,1800,1900,1900,2100,2200,2200,2200,1285,0,1300,1903.7767574337859,117.682000156492,5209.808300016448,91.0
1782879895,100,POST,/grpc-202200141,30.000000,0.000000,1500,1700,1800,1800,1800,1900,1900,2100,2200,2200,2200,1313,0,1300,1891.6636066281103,117.682000156492,5209.808300016448,91.0
1782879895,100,,Aggregated,30.000000,0.000000,1500,1700,1800,1800,1800,1900,1900,2100,2200,2200,2200,1313,0,1300,1891.6636066281103,117.682000156492,5209.808300016448,91.0
1782879896,100,POST,/grpc-202200141,28.900000,0.000000,1500,1700,1800,1800,1800,1900,1900,2100,2200,2200,2200,1349,0,1300,1875.3321017076526,117.682000156492,5209.808300016448,91.0
1782879896,100,,Aggregated,28.900000,0.000000,1500,1700,1800,1800,1800,1900,1900,2100,2200,2200,2200,1349,0,1300,1875.3321017076526,117.682000156492,5209.808300016448,91.0
1782879897,100,POST,/grpc-202200141,28.900000,0.000000,1400,1700,1800,1800,1800,1900,1900,2100,2200,2200,2200,1374,0,1300,1863.3724220547476,117.682000156492,5209.808300016448,91.0
1782879897,100,,Aggregated,28.900000,0.000000,1400,1700,1800,1800,1800,1900,1900,2100,2200,2200,2200,1374,0,1300,1863.3724220547476,117.682000156492,5209.808300016448,91.0
1782879898,100,POST,/grpc-202200141,29.000000,0.000000,1400,1500,1700,1700,1800,1900,1900,2100,2200,2200,2200,1411,0,1300,1843.507287600246,117.682000156492,5209.808300016448,91.0
1782879898,100,,Aggregated,29.000000,0.000000,1400,1500,1700,1700,1800,1900,1900,2100,2200,2200,2200,1411,0,1300,1843.507287600246,117.682000156492,5209.808300016448,91.0
1782879899,100,POST,/grpc-202200141,28.100000,0.000000,1400,1400,1500,1500,1800,1900,1900,1900,2200,2200,2200,1447,0,1300,1823.627958053777,117.682000156492,5209.808300016448,91.0
1782879899,100,,Aggregated,28.100000,0.000000,1400,1400,1500,1500,1800,1900,1900,1900,2200,2200,2200,1447,0,1300,1823.627958053777,117.682000156492,5209.808300016448,91.0
1782879900,100,POST,/grpc-202200141,30.300000,0.000000,1200,1400,1400,1400,1500,1700,1900,1900,2200,2200,2200,1482,0,1200,1803.062207694888,117.682000156492,5209.808300016448,91.0
1782879900,100,,Aggregated,30.300000,0.000000,1200,1400,1400,1400,1500,1700,1900,1900,2200,2200,2200,1482,0,1200,1803.062207694888,117.682000156492,5209.808300016448,91.0
1782879901,100,POST,/grpc-202200141,30.800000,0.000000,1100,1300,1400,1400,1400,1500,1700,1700,1800,1800,1800,1509,0,1200,1788.533528896408,117.682000156492,5209.808300016448,91.0
1782879901,100,,Aggregated,30.800000,0.000000,1100,1300,1400,1400,1400,1500,1700,1700,1800,1800,1800,1509,0,1200,1788.533528896408,117.682000156492,5209.808300016448,91.0
1782879902,100,POST,/grpc-202200141,31.600000,0.000000,1100,1300,1300,1400,1400,1500,1600,1700,1800,1800,1800,1535,0,1200,1779.6794894486604,117.682000156492,5209.808300016448,91.0
1782879902,100,,Aggregated,31.600000,0.000000,1100,1300,1300,1400,1400,1500,1600,1700,1800,1800,1800,1535,0,1200,1779.6794894486604,117.682000156492,5209.808300016448,91.0
1782879903,100,POST,/grpc-202200141,30.900000,0.000000,1200,1200,1300,1400,1400,1500,1500,1700,1700,1700,1700,1562,0,1200,1773.279737582026,117.682000156492,5209.808300016448,91.0
1782879903,100,,Aggregated,30.900000,0.000000,1200,1200,1300,1400,1400,1500,1500,1700,1700,1700,1700,1562,0,1200,1773.279737582026,117.682000156492,5209.808300016448,91.0
1782879904,100,POST,/grpc-202200141,30.800000,0.000000,1200,1300,1400,1400,1500,1600,1700,1800,1800,1800,1800,1589,0,1200,1770.0003382024256,117.682000156492,5209.808300016448,91.0
1782879904,100,,Aggregated,30.800000,0.000000,1200,1300,1400,1400,1500,1600,1700,1800,1800,1800,1800,1589,0,1200,1770.0003382024256,117.682000156492,5209.808300016448,91.0
1782879905,100,POST,/grpc-202200141,30.800000,0.000000,1200,1300,1500,1500,1600,1800,1900,1900,2200,2200,2200,1618,0,1300,1769.2917176165154,117.682000156492,5209.808300016448,91.0
1782879905,100,,Aggregated,30.800000,0.000000,1200,1300,1500,1500,1600,1800,1900,1900,2200,2200,2200,1618,0,1300,1769.2917176165154,117.682000156492,5209.808300016448,91.0
1782879906,100,POST,/grpc-202200141,30.200000,0.000000,1200,1500,1500,1600,1700,1800,1900,1900,2200,2200,2200,1643,0,1300,1766.869462388117,117.682000156492,5209.808300016448,91.0
1782879906,100,,Aggregated,30.200000,0.000000,1200,1500,1500,1600,1700,1800,1900,1900,2200,2200,2200,1643,0,1300,1766.869462388117,117.682000156492,5209.808300016448,91.0
1782879907,100,POST,/grpc-202200141,30.500000,0.000000,1400,1500,1600,1600,1700,1800,1900,1900,2200,2200,2200,1679,0,1300,1761.6487495550423,117.682000156492,5209.808300016448,91.0
1782879907,100,,Aggregated,30.500000,0.000000,1400,1500,1600,1600,1700,1800,1900,1900,2200,2200,2200,1679,0,1300,1761.6487495550423,117.682000156492,5209.808300016448,91.0
1782879908,100,POST,/grpc-202200141,30.500000,0.000000,1500,1600,1600,1600,1700,1800,1900,1900,2200,2200,2200,1700,0,1300,1760.298147296177,117.682000156492,5209.808300016448,91.0
1782879908,100,,Aggregated,30.500000,0.000000,1500,1600,1600,1600,1700,1800,1900,1900,2200,2200,2200,1700,0,1300,1760.298147296177,117.682000156492,5209.808300016448,91.0
1782879909,100,POST,/grpc-202200141,30.300000,0.000000,1500,1600,1700,1700,1800,1900,2000,2100,2200,2200,2200,1725,0,1300,1762.2077459154948,117.682000156492,5209.808300016448,91.0
1782879909,100,,Aggregated,30.300000,0.000000,1500,1600,1700,1700,1800,1900,2000,2100,2200,2200,2200,1725,0,1300,1762.2077459154948,117.682000156492,5209.808300016448,91.0
1782879910,100,POST,/grpc-202200141,29.000000,0.000000,1600,1700,1700,1800,1900,1900,2100,2100,2200,2200,2200,1757,0,1300,1762.023055608192,117.682000156492,5209.808300016448,91.0
1782879910,100,,Aggregated,29.000000,0.000000,1600,1700,1700,1800,1900,1900,2100,2100,2200,2200,2200,1757,0,1300,1762.023055608192,117.682000156492,5209.808300016448,91.0
1782879911,100,POST,/grpc-202200141,27.600000,0.000000,1700,1700,1800,1800,1900,2000,2100,2100,2200,2200,2200,1776,0,1400,1764.0109636279678,117.682000156492,5209.808300016448,91.0
1782879911,100,,Aggregated,27.600000,0.000000,1700,1700,1800,1800,1900,2000,2100,2100,2200,2200,2200,1776,0,1400,1764.0109636279678,117.682000156492,5209.808300016448,91.0
1782879912,100,POST,/grpc-202200141,27.500000,0.000000,1700,1800,1900,1900,2000,2100,2200,2300,2300,2300,2300,1795,0,1400,1767.7107255171704,117.682000156492,5209.808300016448,91.0
1782879912,100,,Aggregated,27.500000,0.000000,1700,1800,1900,1900,2000,2100,2200,2300,2300,2300,2300,1795,0,1400,1767.7107255171704,117.682000156492,5209.808300016448,91.0
1782879913,100,POST,/grpc-202200141,26.500000,0.000000,1700,1800,1900,2000,2100,2300,2400,2800,2900,2900,2900,1802,0,1400,1771.0811304125923,117.682000156492,5209.808300016448,91.0
1782879913,100,,Aggregated,26.500000,0.000000,1700,1800,1900,2000,2100,2300,2400,2800,2900,2900,2900,1802,0,1400,1771.0811304125923,117.682000156492,5209.808300016448,91.0
1782879914,100,POST,/grpc-202200141,25.700000,0.000000,1800,2000,2000,2100,2900,3100,3200,3200,3400,3400,3400,1831,0,1400,1790.850986839882,117.682000156492,5209.808300016448,91.0
1782879914,100,,Aggregated,25.700000,0.000000,1800,2000,2000,2100,2900,3100,3200,3200,3400,3400,3400,1831,0,1400,1790.850986839882,117.682000156492,5209.808300016448,91.0
1782879915,100,POST,/grpc-202200141,24.100000,0.000000,1900,2000,2400,2800,3000,3100,3200,3200,3400,3400,3400,1849,0,1400,1801.4805145501757,117.682000156492,5209.808300016448,91.0
1782879915,100,,Aggregated,24.100000,0.000000,1900,2000,2400,2800,3000,3100,3200,3200,3400,3400,3400,1849,0,1400,1801.4805145501757,117.682000156492,5209.808300016448,91.0
1782879916,100,POST,/grpc-202200141,23.900000,0.000000,2000,2800,2900,3000,3100,3200,3300,3400,3400,3400,3400,1873,0,1400,1818.3981934348515,117.682000156492,5209.808300016448,91.0
1782879916,100,,Aggregated,23.900000,0.000000,2000,2800,2900,3000,3100,3200,3300,3400,3400,3400,3400,1873,0,1400,1818.3981934348515,117.682000156492,5209.808300016448,91.0
1782879917,100,POST,/grpc-202200141,22.800000,0.000000,2400,2900,3000,3100,3100,3200,3300,3400,3400,3400,3400,1898,0,1400,1831.8567823517324,117.682000156492,5209.808300016448,91.0
1782879917,100,,Aggregated,22.800000,0.000000,2400,2900,3000,3100,3100,3200,3300,3400,3400,3400,3400,1898,0,1400,1831.8567823517324,117.682000156492,5209.808300016448,91.0
1782879918,100,POST,/grpc-202200141,23.000000,0.000000,2700,2900,3000,3100,3100,3200,3300,3400,3400,3400,3400,1916,0,1400,1838.3132975491635,117.682000156492,5209.808300016448,91.0
1782879918,100,,Aggregated,23.000000,0.000000,2700,2900,3000,3100,3100,3200,3300,3400,3400,3400,3400,1916,0,1400,1838.3132975491635,117.682000156492,5209.808300016448,91.0
1782879919,100,POST,/grpc-202200141,22.000000,0.000000,2700,2900,3000,3100,3100,3200,3300,3400,3400,3400,3400,1936,0,1400,1845.3403128123907,117.682000156492,5209.808300016448,91.0
1782879919,100,,Aggregated,22.000000,0.000000,2700,2900,3000,3100,3100,3200,3300,3400,3400,3400,3400,1936,0,1400,1845.3403128123907,117.682000156492,5209.808300016448,91.0
1782879920,100,POST,/grpc-202200141,22.000000,0.000000,2800,2900,3000,3100,3100,3200,3300,3400,3400,3400,3400,1953,0,1500,1853.643044702641,117.682000156492,5209.808300016448,91.0
1782879920,100,,Aggregated,22.000000,0.000000,2800,2900,3000,3100,3100,3200,3300,3400,3400,3400,3400,1953,0,1500,1853.643044702641,117.682000156492,5209.808300016448,91.0
1782879921,100,POST,/grpc-202200141,20.900000,0.000000,2800,2900,3000,3100,3100,3200,3300,3400,3400,3400,3400,1989,0,1500,1868.828846005088,117.682000156492,5209.808300016448,91.0
1782879921,100,,Aggregated,20.900000,0.000000,2800,2900,3000,3100,3100,3200,3300,3400,3400,3400,3400,1989,0,1500,1868.828846005088,117.682000156492,5209.808300016448,91.0
1782879922,100,POST,/grpc-202200141,19.800000,0.000000,2700,2900,2900,3000,3100,3200,3200,3400,3400,3400,3400,2026,0,1500,1871.479533269803,117.682000156492,5209.808300016448,91.0
1782879922,100,,Aggregated,19.800000,0.000000,2700,2900,2900,3000,3100,3200,3200,3400,3400,3400,3400,2026,0,1500,1871.479533269803,117.682000156492,5209.808300016448,91.0
1782879923,100,POST,/grpc-202200141,21.000000,0.000000,2600,2800,2800,2900,3100,3100,3200,3200,3400,3400,3400,2061,0,1500,1862.1349723455855,117.682000156492,5209.808300016448,91.0
1782879923,100,,Aggregated,21.000000,0.000000,2600,2800,2800,2900,3100,3100,3200,3200,3400,3400,3400,2061,0,1500,1862.1349723455855,117.682000156492,5209.808300016448,91.0
1782879924,100,POST,/grpc-202200141,22.700000,0.000000,2500,2700,2800,2800,3100,3100,3200,3200,3400,3400,3400,2097,0,1500,1846.1517768257604,117.682000156492,5209.808300016448,91.0
1782879924,100,,Aggregated,22.700000,0.000000,2500,2700,2800,2800,3100,3100,3200,3200,3400,3400,3400,2097,0,1500,1846.1517768257604,117.682000156492,5209.808300016448,91.0
1782879925,100,POST,/grpc-202200141,25.300000,0.000000,2200,2500,2700,2700,2900,2900,3100,3100,3400,3400,3400,2123,0,1400,1834.0428737655686,117.682000156492,5209.808300016448,91.0
1782879925,100,,Aggregated,25.300000,0.000000,2200,2500,2700,2700,2900,2900,3100,3100,3400,3400,3400,2123,0,1400,1834.0428737655686,117.682000156492,5209.808300016448,91.0
